,Average Monthly Deposits,Average Monthly Withdrawals,Average Monthly Net Cash Flow,Cash Flow Volatility,Average Monthly Balance,Months with Negative Balance,Total Loan Payments,Loan-to-Income Ratio,Missed Payments Count,Revenue Growth Rate (Last Year),Number of High-Value Transactions,Highest Customer Revenue Share
Business1,14145.063333333332,14143.105000000001,1.9583333333335229,22094.795424776494,5873.035,0,2000.0,0.011782673766748778,0,-85.86217680847356,23,0.2821714713660997
Business2,2473.3333333333335,712.1500000000001,1761.1833333333332,3307.6749240869076,2016.6866666666667,0,0.0,0.0,0,,17,1.0
Business3,,,,,,0,0.0,0.0,0,,4,0.3119537645036798
